rec_est_id,cluster
1,3
49,1
89,1
112,1
113,7
115,1
120,3
121,1
256,1
275,1
276,7
299,1
413,1
414,1
467,1
468,1
518,1
535,1
691,4
732,1
798,1
847,1
862,1
870,1
926,0
955,1
1004,1
1008,7
1018,1
1032,1
1100,1
1119,1
1193,1
1203,1
1222,1
1248,1
1344,1
1366,7
1373,1
1378,1
1386,4
1485,1
1505,3
1513,1
1569,1
1583,1
1612,4
1675,1
1695,1
1696,7
1707,1
1742,7
1874,1
1943,1
1946,1
1948,1
1949,4
1956,1
1986,1
1991,1
2023,7
2039,2
2057,1
2070,1
2116,1
2129,1
2130,1
2154,1
2159,1
2163,1
2181,1
2187,1
2245,7
2300,1
2323,1
2324,1
2356,1
2365,1
2425,7
2434,1
2437,1
2439,1
2446,1
2457,7
2505,1
2515,1
2521,1
2522,1
2528,1
2533,1
2549,1
2569,1
2587,1
2602,1
2604,1
2611,1
2622,1
2635,4
2636,1
2662,1
2679,1
2680,1
2788,7
2791,1
2804,1
2825,1
2826,1
2902,1
2940,1
2953,3
3056,1
3137,1
3147,1
3157,1
3311,3
3323,1
3342,3
3343,1
3349,1
3412,1
3429,1
3430,1
3434,1
3468,1
3476,1
3496,4
3500,1
3506,1
3546,1
3553,1
3578,1
3581,1
3590,1
3592,1
3641,1
3650,1
3655,7
3667,1
3682,1
3783,1
3790,1
3850,4
3892,1
3934,1
3937,1
3966,1
3970,1
3996,1
4001,1
4003,1
4070,7
4072,3
4074,1
4117,1
4125,1
4139,1
4148,1
4162,1
4176,1
4191,1
4205,1
4224,1
4235,1
4259,1
4265,1
4321,7
4330,1
4340,1
4351,1
4362,1
4369,1
4373,1
4391,1
4406,1
4411,4
4413,7
4457,1
4459,1
4481,1
4486,1
4502,4
4511,1
4513,1
4515,1
4519,1
4523,1
4595,1
4603,1
4616,1
4617,1
4627,1
4631,4
4632,4
4653,1
4661,1
4666,1
4680,1
4688,4
4698,1
4707,1
4709,1
4730,1
4734,1
4736,4
4747,1
4752,7
4753,1
4756,2
4759,1
4773,3
4806,1
4820,1
4825,1
4835,1
4858,1
4875,1
4889,1
4924,4
4971,7
5023,7
5047,1
5060,1
5105,1
5108,1
5112,1
5125,1
5127,1
5132,1
5135,1
5136,3
5137,1
5150,1
5186,1
5188,4
5190,1
5196,1
5198,1
5211,1
5220,2
5236,1
5239,1
5258,1
5261,1
5274,7
5278,2
5294,1
5306,2
5342,1
5372,1
5380,1
5398,1
5401,1
5403,1
5407,4
5430,1
5436,1
5438,1
5472,1
5474,1
5475,1
5483,1
5490,1
5523,1
5525,1
5592,1
5600,1
5616,1
5635,1
5641,1
5649,7
5652,1
5653,1
5686,1
5718,1
5719,1
5762,1
5779,1
5787,1
5790,1
5809,1
5811,1
5866,1
5950,7
5992,1
6040,1
6048,1
6071,1
6091,1
6178,1
6183,1
6200,1
6215,1
6262,1
6284,1
6293,3
6294,3
6295,1
6296,3
6297,3
6298,1
6300,3
6301,1
6302,7
6307,1
6312,1
6344,1
6369,1
6385,3
6394,1
6416,1
6447,1
6452,1
6481,1
6498,1
6588,1
6590,1
6689,7
6695,1
6721,1
6742,1
6836,1
6880,1
6900,1
6904,1
6906,7
6934,4
6971,1
6987,4
6992,1
7003,1
7009,1
7035,1
7037,1
7044,1
7069,3
7077,1
7110,1
7114,7
7116,1
7134,1
7156,1
7191,1
7196,1
7197,1
7214,1
7219,7
7221,7
7230,1
7261,1
7265,1
7269,1
7272,1
7275,1
7277,1
7284,1
7285,1
7334,1
7336,1
7346,1
7351,3
7358,1
7359,1
7361,1
7391,4
7393,1
7394,3
7397,3
7398,1
7418,1
7422,1
7468,1
7470,1
7484,1
7494,4
7497,1
7499,1
7539,4
7553,1
7560,3
7568,1
7578,1
7597,4
7604,1
7634,1
7639,1
7644,3
7646,3
7648,7
7672,2
7675,1
7678,7
7685,1
7689,3
7695,4
7710,1
7715,1
7727,1
7753,1
7790,1
7791,4
7793,1
7803,1
7817,1
7822,1
7839,1
7862,1
7877,1
7881,1
7884,1
7888,1
7899,1
7900,1
7914,4
7962,1
7963,1
7991,1
7996,1
8002,1
8003,1
8008,1
8010,1
8027,1
8042,1
8065,1
8068,1
8077,1
8081,1
8103,1
8106,1
8109,1
8167,1
8175,1
8178,1
8192,1
8196,1
8197,1
8198,1
8211,1
8218,1
8222,1
8227,4
8236,1
8238,1
8239,1
8244,1
8247,1
8251,1
8254,1
8260,1
8283,1
8292,4
8294,1
8295,1
8301,1
8312,1
8314,1
8315,1
8327,1
8328,7
8334,1
8337,1
8339,1
8345,1
8352,4
8364,1
8368,1
8374,1
8384,4
8391,1
8392,1
8400,1
8404,1
8409,1
8414,1
8416,1
8422,1
8428,2
8430,1
8445,1
8448,1
8462,4
8465,1
8478,1
8518,1
8520,1
8521,1
8526,1
8533,1
8549,1
8581,1
8585,1
8604,1
8605,7
8622,1
8625,1
8634,1
8636,4
8647,1
8666,1
8673,1
8676,1
8677,1
8699,1
8756,1
8765,4
8770,1
8773,1
8783,1
8794,1
8803,1
8807,1
8809,1
8819,1
8829,1
8833,4
8839,1
8840,1
8847,1
8874,1
8877,1
8879,1
8882,1
8890,1
8911,1
8918,1
8941,1
8948,3
8953,1
8957,1
9015,1
9020,1
9034,1
9035,1
9036,1
9048,7
9060,4
9067,1
9069,1
9076,7
9078,3
9079,1
9081,7
9085,3
9086,1
9092,4
9095,1
9120,1
9124,1
9130,1
9138,1
9142,1
9144,1
9152,1
9165,1
9180,1
9185,4
9250,1
9262,1
9286,4
9294,1
9305,1
9321,1
9352,1
9360,1
9395,1
9397,7
9402,1
9403,1
9413,1
9425,7
9429,1
9435,1
9457,1
9471,1
9476,1
9480,1
9491,2
9519,1
9554,1
9559,1
9561,1
9577,4
9581,1
9613,1
9617,1
9626,1
9633,1
9640,1
9645,1
9648,1
9660,1
9662,1
9664,1
9666,1
9691,1
9702,1
9721,1
9722,3
9738,1
9744,1
9762,1
9765,1
9772,1
9774,4
9788,1
9801,1
9821,1
9825,1
9827,1
9841,1
9866,1
9870,1
9871,1
9911,1
9918,1
9931,1
9948,4
9949,1
9954,1
9957,1
9971,1
9973,1
9980,1
9981,1
9990,4
9991,1
9993,1
9999,1
10001,1
10009,1
10019,1
10021,7
10023,1
10040,1
10045,1
10057,1
10062,1
10077,1
10086,1
10092,1
10094,1
10098,1
10108,4
10121,0
10123,1
10124,3
10131,1
10134,1
10137,1
10144,1
10145,0
10148,1
10151,1
10174,7
10208,1
10219,1
10222,1
10223,1
10224,1
10234,1
10248,1
10250,1
10259,1
10260,4
10276,1
10281,1
10285,1
10296,1
10305,1
10307,1
10312,1
10338,1
10375,1
10382,1
10395,1
10405,1
10406,7
10408,1
10416,3
10420,1
10430,1
10433,1
10440,1
10441,1
10449,1
10475,1
10481,3
10486,1
10488,1
10496,1
10508,1
10515,1
10522,1
10525,1
10565,1
10569,1
10572,1
10573,1
10582,1
10586,1
10599,1
10604,1
10617,1
10665,1
10689,1
10690,1
10693,1
10697,1
10710,4
10718,1
10721,1
10722,1
10727,1
10733,1
10768,1
10789,3
10795,1
10800,1
10822,1
10823,1
10859,1
10887,1
10895,1
10901,1
10903,1
10924,1
10926,1
10931,1
10942,1
10949,1
10952,1
10978,4
10982,1
10998,1
11002,1
11012,1
11029,1
11047,1
11070,1
11071,1
11075,3
11093,1
11096,1
11098,1
11121,1
11127,1
11135,1
11136,1
11138,1
11155,1
11164,1
11184,1
11193,1
11194,1
11196,1
11203,1
11209,4
11243,3
11262,1
11274,4
11281,3
11287,1
11290,1
11295,1
11296,1
11301,1
11309,1
11312,1
11313,1
11320,1
11333,1
11337,1
11342,3
11378,1
11383,1
11388,1
11409,1
11413,1
11415,1
11463,1
11468,1
11501,1
11505,1
11518,1
11519,1
11555,1
11564,1
11567,1
11623,1
11632,1
11639,1
11643,1
11654,1
11662,1
11693,4
11702,1
11715,1
11724,1
11742,1
11781,1
11796,1
11839,1
11865,1
11895,1
11906,1
11909,3
11931,1
11943,1
11944,1
11964,1
11970,1
11987,4
11996,1
12012,1
12024,1
12029,1
12047,1
12050,7
12054,1
12055,1
12065,1
12071,1
12078,1
12079,1
12085,0
12086,1
12096,1
12123,1
12149,1
12154,1
12158,1
12162,1
12175,1
12205,1
12211,1
12213,1
12220,1
12251,1
12252,1
12254,1
12260,1
12263,1
12276,1
12295,1
12298,1
12301,1
12303,1
12305,1
12321,1
12331,1
12333,1
12337,1
12339,1
12347,1
12368,1
12370,1
12390,1
12396,1
12397,1
12398,1
12401,1
12418,4
12422,1
12435,1
12440,1
12442,1
12449,1
12450,1
12451,1
12452,1
12456,1
12483,1
12492,1
12495,1
12498,1
12510,1
12528,1
12532,1
12577,1
12608,1
12612,1
12631,1
12646,1
12660,1
12671,1
12718,1
12723,1
12729,7
12741,0
12742,0
12743,1
12745,4
12747,1
12785,1
12787,1
12789,1
12792,1
12805,1
12814,1
12832,1
12854,1
12855,1
12871,7
12877,1
12881,1
12882,1
12905,1
12907,1
12916,1
12934,1
12937,1
12940,2
12943,1
12945,1
12960,1
12963,1
12965,1
12999,1
13014,1
13038,4
13055,1
13063,7
13073,1
13086,1
13094,1
13123,1
13126,1
13135,4
13140,1
13149,1
13154,1
13163,1
13170,1
13172,1
13174,1
13176,1
13194,1
13201,1
13208,1
13212,4
13244,1
13255,1
13272,1
13274,1
13276,1
13285,1
13296,1
13300,1
13305,1
13307,1
13331,1
13347,1
13350,7
13383,1
13389,1
13410,4
13416,4
13417,7
13421,1
13439,1
13444,1
13454,1
13457,3
13463,1
13482,1
13485,1
13497,1
13499,1
13500,1
13501,1
13509,1
13510,1
13514,1
13539,1
13541,1
13542,1
13556,1
13563,1
13569,1
13580,1
13581,1
13582,1
13588,1
13593,1
13603,4
13610,1
13627,1
13673,1
13687,1
13692,1
13706,7
13732,1
13735,1
13739,1
13742,1
13757,1
13764,1
13772,1
13780,1
13784,1
13819,1
13823,1
13824,1
13833,2
13848,7
13856,1
13859,1
13873,1
13874,1
13877,1
13901,1
13907,1
13913,1
13920,1
13926,1
13931,1
13936,1
13945,1
13946,1
13953,1
13986,1
13994,4
14002,1
14010,1
14028,1
14051,1
14067,1
14068,1
14084,1
14091,1
14105,1
14119,1
14146,1
14154,1
14156,1
14169,1
14186,1
14192,1
14206,1
14230,1
14234,1
14235,1
14241,1
14247,1
14252,1
14254,4
14281,1
14285,1
14290,1
14292,1
14297,1
14308,1
14322,1
14336,1
14377,1
14380,1
14388,1
14408,1
14433,1
14436,1
14437,1
14458,1
14475,1
14478,1
14485,2
14492,1
14520,1
14549,1
14550,1
14557,1
14592,1
14600,2
14601,1
14606,1
14612,1
14634,1
14652,1
14655,1
14658,1
14660,1
14676,1
14682,1
14689,3
14690,1
14697,1
14699,1
14712,1
14719,1
14720,1
14722,1
14728,1
14734,1
14744,1
14779,1
14787,1
14788,1
14799,1
14800,2
14809,1
14814,1
14820,1
14821,1
14822,1
14825,1
14827,1
14829,1
14832,0
14856,1
14866,1
14867,1
14869,1
14877,7
14898,2
14922,1
14927,1
14939,1
14942,1
14965,1
14969,1
14970,1
14981,1
14996,1
15008,1
15030,1
15040,1
15046,1
15048,1
15054,1
15078,1
15090,1
15091,1
15102,1
15126,1
15127,1
15156,1
15164,1
15192,4
15204,1
15211,1
15217,1
15236,1
15276,7
15285,1
15288,1
15295,4
15319,1
15326,1
15343,7
15345,1
15348,1
15368,1
15369,1
15380,1
15389,1
15415,1
15427,1
15431,1
15449,1
15498,1
15527,1
15550,1
15552,1
15557,1
15561,1
15589,1
15592,1
15609,1
15630,7
15647,2
15652,1
15666,1
15670,1
15687,1
15701,1
15709,1
15724,1
15730,4
15731,1
15741,1
15760,1
15762,1
15763,1
15768,1
15782,1
15835,1
15844,1
15852,1
15869,1
15875,1
15877,1
15880,1
15910,1
15930,1
15953,1
15976,4
15985,1
16014,1
16016,1
16028,1
16034,1
16065,1
16066,1
16070,1
16089,1
16114,1
16119,1
16126,1
16141,1
16152,1
16168,1
16171,1
16198,1
16203,1
16218,1
16239,1
16240,1
16250,7
16272,1
16273,1
16283,1
16286,1
16290,1
16299,1
16301,4
16338,1
16350,1
16380,1
16386,1
16393,1
16403,1
16412,1
16416,1
16420,1
16429,1
16437,1
16452,1
16466,1
16468,1
16476,1
16489,1
16492,1
16505,1
16514,1
16519,1
16521,1
16522,1
16529,4
16534,1
16543,1
16555,1
16558,1
16559,1
16572,1
16586,1
16615,1
16626,1
16633,1
16642,1
16647,1
16651,1
16661,1
16667,1
16679,4
16683,1
16688,1
16713,1
16726,1
16738,1
16745,1
16766,1
16767,1
16775,1
16793,1
16803,1
16804,7
16805,1
16813,1
16870,1
16872,1
16886,1
16900,1
16924,1
16943,1
16946,1
16952,3
16953,1
16956,1
16957,0
16964,1
16978,1
16984,1
16998,4
17001,1
17002,4
17003,1
17008,1
17039,1
17041,1
17043,1
17047,1
17054,1
17066,1
17098,3
17100,1
17116,1
17119,1
17127,1
17133,1
17153,1
17170,4
17171,1
17187,1
17190,1
17195,1
17197,1
17198,4
17200,1
17201,1
17204,1
17222,1
17239,2
17248,1
17259,1
17276,1
17280,1
17302,1
17305,1
17310,1
17315,1
17321,1
17323,3
17333,1
17335,7
17349,1
17423,1
17425,3
17443,0
17450,1
17454,1
17468,1
17472,1
17482,1
17488,1
17498,1
17520,1
17529,1
17538,1
17546,0
17555,1
17556,1
17558,1
17592,1
17610,1
17639,1
17640,1
17643,1
17652,1
17654,4
17655,1
17679,1
17689,1
17690,1
17701,1
17711,1
17716,3
17718,1
17723,1
17743,1
17769,1
17773,1
17777,1
17788,1
17818,1
17833,1
17836,1
17841,1
17850,1
17861,3
17872,1
17877,1
17890,1
17900,1
17917,1
17932,1
17933,1
17934,1
17939,1
17944,1
17951,1
17953,1
17963,1
17969,1
17981,1
17993,1
18002,1
18016,1
18017,1
18026,1
18027,1
18033,1
18039,1
18049,0
18052,1
18055,1
18063,1
18066,1
18067,1
18069,1
18078,1
18081,1
18085,1
18091,1
18105,4
18128,1
18129,1
18131,1
18142,1
18160,1
18161,1
18167,1
18170,1
18179,3
18191,1
18197,1
18202,7
18203,1
18215,1
18219,1
18220,0
18233,1
18244,1
18246,1
18264,1
18303,7
18304,1
18313,1
18314,1
18320,1
18324,1
18327,1
18331,1
18348,1
18363,1
18377,1
18386,1
18387,0
18389,1
18392,1
18394,1
18403,1
18407,1
18409,1
18415,1
18418,1
18420,1
18430,1
18436,1
18451,1
18467,1
18469,1
18471,1
18485,1
18496,1
18508,1
18517,1
18518,1
18519,1
18524,1
18527,1
18529,1
18532,1
18539,1
18547,1
18548,1
18550,1
18562,1
18570,1
18572,1
18577,1
18583,1
18610,1
18626,1
18633,1
18636,1
18649,1
18654,1
18671,1
18674,1
18678,1
18681,1
18688,1
18698,1
18699,1
18707,1
18712,1
18717,1
18722,1
18730,1
18741,1
18743,1
18770,1
18777,1
18786,1
18788,1
18792,3
18793,7
18794,7
18798,1
18801,1
18806,1
18807,1
18812,1
18819,7
18821,1
18823,1
18825,1
18828,1
18833,1
18838,1
18842,1
18844,1
18849,1
18857,4
18863,1
18871,1
18874,1
18882,1
18902,1
18911,1
18915,1
18918,1
18935,1
18939,1
18941,7
18951,1
18953,1
18955,1
18961,1
18964,1
18979,1
18993,1
19010,1
19012,1
19014,1
19016,1
19017,1
19018,1
19020,1
19030,1
19037,7
19039,1
19043,1
19044,1
19054,1
19079,1
19084,3
19093,1
19099,1
19108,1
19110,1
19114,1
19135,1
19140,1
19147,1
19157,1
19174,1
19176,1
19177,1
19178,1
19187,1
19189,0
19194,1
19195,1
19199,1
19203,1
19204,1
19229,1
19238,1
19246,1
19252,1
19255,1
19260,1
19263,1
19267,1
19273,1
19275,1
19277,1
19280,1
19284,1
19288,1
19291,1
19293,1
19322,1
19331,1
19333,1
19334,1
19335,1
19345,1
19356,7
19359,1
19361,1
19362,1
19363,1
19367,0
19372,1
19374,1
19400,1
19407,1
19412,1
19413,1
19418,1
19422,1
19423,1
19426,1
19427,1
19431,1
19432,1
19440,1
19442,1
19457,1
19460,1
19468,1
19500,1
19506,1
19509,1
19521,1
19522,4
19525,1
19534,1
19540,7
19544,1
19551,1
19569,1
19571,1
19573,4
19574,1
19581,1
19588,1
19591,1
19592,1
19593,1
19597,1
19608,1
19615,1
19616,3
19619,1
19620,1
19621,1
19622,1
19623,1
19633,1
19636,1
19637,1
19646,1
19650,1
19653,7
19656,1
19657,1
19686,1
19687,1
19695,1
19696,4
19699,1
19719,1
19729,1
19730,1
19740,1
19742,1
19746,1
19749,1
19753,1
19759,1
19760,1
19771,1
19781,1
19789,1
19794,1
19796,1
19803,1
19806,1
19815,1
19824,1
19829,1
19831,1
19844,1
19846,4
19855,1
19858,1
19859,1
19860,1
19861,1
19866,1
19867,1
19880,1
19882,1
19886,1
19887,1
19889,1
19892,1
19894,7
19899,1
19903,1
19916,1
19923,1
19937,1
19942,1
19946,1
19949,1
19959,1
19965,1
19967,1
19968,1
19976,4
19980,1
19983,1
19987,1
19995,1
19997,1
20001,1
20016,1
20017,7
20018,7
20027,1
20033,1
20034,1
20035,1
20036,1
20047,1
20063,7
20067,1
20068,7
20086,1
20094,1
20096,3
20099,1
20102,1
20106,1
20111,1
20121,1
20122,1
20124,1
20136,1
20137,0
20141,1
20143,1
20148,1
20153,1
20157,1
20162,1
20164,1
20165,1
20172,1
20175,2
20176,1
20178,7
20186,1
20199,1
20215,1
20220,1
20228,1
20229,1
20237,1
20267,1
20271,1
20283,1
20284,1
20293,1
20302,2
20306,1
20307,1
20309,2
20311,1
20313,1
20318,1
20319,1
20320,1
20322,1
20323,1
20325,1
20326,1
20334,1
20337,1
20341,1
20364,1
20369,1
20370,1
20375,1
20379,1
20389,1
20399,1
20401,1
20418,1
20419,1
20422,1
20423,7
20424,1
20425,1
20432,1
20435,4
20436,1
20437,1
20445,7
20449,1
20451,1
20452,1
20454,1
20458,1
20465,1
20467,1
20468,1
20472,1
20482,1
20483,1
20487,1
20488,1
20489,1
20495,1
20498,1
20501,1
20503,1
20509,1
20511,1
20520,0
20525,1
20526,1
20532,1
20540,1
20542,1
20544,2
20546,1
20549,1
20552,1
20553,1
20558,1
20559,1
20567,1
20578,1
20579,1
20580,1
20588,1
20590,1
20593,1
20595,1
20596,4
20597,1
20604,1
20606,1
20607,1
20611,1
20612,1
20626,1
20628,1
20629,1
20630,1
20633,1
20641,1
20653,4
20654,1
20656,1
20659,1
20663,7
20666,1
20686,1
20687,0
20688,1
20690,1
20694,1
20696,1
20698,1
20700,1
20704,1
20709,1
20718,1
20722,1
20731,1
20732,1
20738,1
20742,1
20744,1
20751,1
20755,1
20762,1
20771,1
20773,1
20775,1
20783,1
20784,1
20796,1
20798,1
20800,1
20802,1
20811,1
20813,1
20820,1
20826,1
20828,1
20834,1
20837,1
20838,1
20842,1
20843,1
20848,1
20855,1
20856,1
20859,1
20860,1
20872,1
20876,1
20884,3
20885,1
20886,1
20890,1
20894,7
20900,1
20901,1
20905,1
20906,1
20908,1
20912,1
20913,1
20919,1
20920,1
20929,1
20932,1
20933,1
20934,1
20936,1
20937,1
20938,1
20941,1
20950,1
20952,1
20954,3
20955,7
20957,1
20960,1
20962,5
20963,1
20964,1
20965,1
20966,4
20978,1
20982,1
20990,7
20991,1
20992,1
20993,1
20994,1
20998,1
21000,1
21002,1
21005,1
21008,1
21010,1
21011,4
21012,1
21015,4
21020,1
21022,4
21025,1
21029,1
21032,1
21033,1
21034,1
21035,1
21042,1
21045,1
21051,7
21052,7
21054,1
21055,4
21056,1
21060,1
21063,1
21069,1
21081,7
21083,1
21086,1
21089,1
21093,1
21095,1
21096,1
21103,4
21110,1
21112,1
21122,1
21124,1
21128,1
21130,1
21132,1
21134,1
21138,1
21141,1
21142,1
21146,1
21148,7
21159,1
21161,1
21162,1
21163,1
21165,1
21166,7
21169,1
21177,1
21179,1
21184,1
21186,1
21190,1
21192,4
21195,1
21196,1
21197,1
21200,1
21201,1
21219,1
21224,1
21229,3
21237,7
21241,1
21248,1
21251,4
21253,1
21255,1
21256,1
21258,1
21259,1
21263,1
21279,1
21281,1
21285,1
21286,1
21298,1
21300,1
21312,1
21313,1
21319,1
21322,1
21330,0
21342,1
21344,7
21346,3
21347,1
21350,4
21351,7
21352,1
21359,4
21372,1
21375,1
21382,1
21383,3
21387,4
21388,1
21391,1
21393,1
21402,1
21403,1
21408,1
21410,1
21412,1
21413,1
21414,7
21415,7
21416,1
21419,1
21420,1
21423,1
21428,1
21433,1
21438,1
21442,1
21446,1
21448,1
21450,2
21457,3
21458,1
21459,1
21461,1
21462,1
21463,1
21464,1
21471,1
21472,1
21473,1
21474,1
21475,1
21476,1
21479,1
21481,1
21482,1
21484,4
21485,1
21487,7
21489,1
21492,4
21495,1
21497,1
21501,1
21505,1
21506,1
21507,1
21511,1
21516,1
21518,1
21522,1
21523,1
21529,1
21531,1
21532,1
21533,1
21536,1
21537,1
21539,1
21544,1
21545,1
21548,1
21551,1
21553,1
21555,1
21556,1
21562,1
21567,1
21568,1
21569,1
21570,1
21572,1
21575,1
21581,1
21586,1
21590,1
21592,4
21594,1
21595,1
21598,1
21599,1
21603,1
21604,1
21607,1
21608,7
21611,1
21616,1
21618,1
21626,1
21634,1
21635,3
21638,1
21639,1
21642,1
21643,4
21646,1
21651,1
21652,1
21653,1
21655,1
21659,1
21660,1
21662,1
21664,1
21665,1
21670,1
21671,1
21672,1
21673,1
21676,1
21678,1
21680,1
21682,1
21683,1
21686,7
21689,1
21691,7
21695,4
21698,1
21699,1
21700,1
21701,1
21704,1
21708,1
21712,1
21717,1
21719,1
21720,1
21722,1
21729,1
21744,1
21746,4
21748,1
21749,1
21750,1
21752,7
21753,1
21760,1
21761,1
21763,1
21770,1
21771,1
21773,1
21775,1
21778,1
21780,1
21781,1
21785,1
21787,1
21794,1
21795,1
21797,3
21800,1
21805,1
21809,1
21813,1
21814,1
21816,1
21817,1
21818,1
21824,1
21825,1
21826,1
21827,1
21828,1
21831,1
21834,1
21840,1
21845,1
21846,1
21848,2
21849,1
21854,1
21857,1
21858,1
21861,1
21862,1
21864,1
21865,1
21874,1
21877,4
21878,1
21879,1
21880,1
21885,4
21887,1
21888,1
21889,1
21893,1
21897,1
21898,1
21899,1
21901,1
21903,3
21905,0
21906,1
21907,1
21909,1
21911,3
21912,7
21914,1
21915,1
21916,1
21918,1
21921,1
21922,1
21923,1
21924,1
21927,1
21928,1
21930,1
21936,1
21937,1
21938,1
21939,1
21942,1
21943,1
21945,1
21946,1
21950,7
21951,7
21952,1
21954,1
21956,1
21957,1
21958,1
21961,3
21962,1
21963,1
21965,1
21966,1
21967,1
21969,1
21972,1
21973,4
21977,1
21978,1
21980,4
21981,1
21988,1
21989,1
21991,1
21992,1
21998,1
22001,1
22005,1
22011,1
22013,1
22017,1
22020,1
22021,1
22023,1
22024,3
22025,1
22026,1
22027,1
22028,7
22031,1
22035,1
22037,1
22039,1
22044,1
22050,1
22052,1
22064,1
22071,1
22078,2
22091,1
22092,1
22104,1
22105,1
22110,1
22111,1
22112,1
22115,1
22117,1
22120,1
22128,1
22131,1
22134,1
22135,1
22142,1
22146,3
22150,1
22155,1
22162,1
22177,3
22183,4
22185,3
22191,4
22199,0
22205,4
22219,1
22229,2
22236,1
22238,1
22239,3
22240,1
22242,4
22244,4
22247,1
22249,1
22254,1
22255,1
22257,1
22258,3
22263,1
22270,1
22276,1
22281,3
22282,1
22289,1
22294,1
22297,1
22300,4
22301,1
22307,1
22313,1
22314,1
22316,3
22317,3
22322,1
22325,4
22332,1
22333,1
22334,1
22335,1
22336,1
22337,1
22340,3
22343,1
22368,1
22377,1
22410,1
22421,4
22431,1
22435,1
22436,1
22444,1
22485,1
22490,1
22497,4
22502,1
22512,1
22543,1
22572,1
22580,1
22588,1
22595,3
22599,4
22613,4
22627,3
22640,1
22642,3
22665,1
22666,1
22671,1
22679,1
22691,1
22705,1
22735,1
22738,1
22741,1
22744,3
22756,1
22761,1
22766,1
22769,4
22783,1
22784,3
22788,1
22801,3
22804,1
22812,1
22815,1
22831,1
22863,1
22864,1
22879,1
22897,1
22902,2
22943,1
22948,4
22951,1
22978,1
22980,1
23006,4
23029,1
23045,1
23051,4
23053,1
23065,4
23115,0
23124,1
23146,1
23148,1
23152,4
23155,2
23167,1
23174,1
23200,1
23227,1
23232,4
23235,1
23242,4
23272,4
23312,1
23336,1
23363,1
23390,4
23404,6
23422,1
23431,1
23434,1
23443,1
23445,4
23446,4
23452,1
23460,1
23464,1
23471,4
23500,4
23502,1
23650,1
23808,1
23856,1
23913,1
23916,1
24109,1
24323,1
24389,1
24398,1
24580,1
24587,1
24596,1
24597,4
24603,4
24607,1
24610,4
24612,4
24613,4
24614,4
24615,4
24617,4
24618,4
24624,4
24625,4
24628,1
24629,4
24630,1
24631,1
24635,4
24636,4
24637,1
24638,1
24639,4
24640,4
24641,4
24643,4
24645,4
24646,4
24648,4
24650,4
24652,4
24656,4
24658,4
24659,4
24660,4
24662,4
24666,1
24669,4
24671,4
24672,4
24677,4
24678,4
24679,4
24680,4
24683,4
24685,4
24687,4
24688,1
24693,4
24694,4
24695,4
24696,4
24697,1
24698,4
24700,1
24704,4
24705,4
24706,1
24712,4
24713,4
24714,1
24715,4
24716,4
24717,1
24722,4
24725,4
24727,4
24728,4
24731,4
24734,4
24736,1
24738,1
24739,4
24740,4
24742,1
24745,4
24747,1
24750,4
24753,4
24754,4
24755,4
24757,4
24758,2
24759,4
24760,4
24761,4
24762,4
24763,1
24764,0
24765,4
24766,4
24767,1
24770,4
24771,1
24772,1
24773,4
24777,4
24779,1
24780,1
24781,4
24782,4
24783,1
24785,4
24786,1
24787,1
24789,1
24791,1
24792,4
24794,4
24797,4
24854,4
24856,1
25046,1
25101,1
25251,1
25441,1
25482,1
25701,1
25829,1
26054,1
26061,1
26078,0
26079,4
26101,1
26102,4
26111,1
26112,4
26116,1
26117,1
26126,4
26135,1
26143,4
26147,1
26153,1
26163,4
26164,1
26166,1
26174,4
26175,4
26176,4
26177,1
26178,1
26185,1
26203,4
26204,1
26206,4
26207,4
26208,4
26209,1
26210,4
26211,4
26212,4
26213,4
26214,4
26218,4
26219,4
26220,4
26221,4
26222,4
26223,4
26224,4
26226,1
26227,1
26228,4
26229,4
26230,4
26231,4
26232,1
26239,4
26242,4
26243,4
26244,1
26245,1
26246,1
26247,4
26255,1
26258,1
26268,1
26269,1
26270,1
26271,1
26274,1
26276,4
26277,4
26280,4
26281,1
26282,1
26283,4
26288,1
26297,4
26298,4
26299,4
26318,4
26319,4
26327,4
26344,4
26349,4
26354,1
26413,4
26414,4
26415,1
26416,4
26417,4
26418,4
26420,4
26422,1
26424,1
26430,1
26431,4
26432,4
26434,4
26436,1
26439,4
26442,4
26444,4
26446,1
26457,4
26458,1
26459,4
26460,4
26462,1
26463,4
26472,1
26474,1
26475,4
26476,1
26477,4
26478,4
26490,1
26496,4
26498,1
26500,4
26502,4
26503,4
26516,4
26526,4
26528,1
26529,4
26535,4
26537,4
26538,1
26539,1
26540,4
26547,4
26548,4
26549,1
26550,1
26552,4
26554,4
26559,4
26561,4
26564,1
26565,1
26576,4
26579,4
26596,4
26597,4
26599,1
26601,4
26602,4
26612,4
26615,1
26617,1
26621,1
26622,1
26626,4
26627,4
26629,4
26633,1
26638,1
26656,1
26657,4
26659,1
26665,1
26675,1
26676,1
26678,4
26686,4
26689,4
26691,4
26695,1
26696,1
26697,1
26702,2
26705,1
26708,1
26711,1
26714,4
26715,1
26721,4
26727,1
26728,4
26730,4
26731,1
26732,1
26734,1
26737,1
26745,4
26746,4
26747,1
26748,4
26749,1
26750,1
26751,1
26753,4
26754,4
26755,4
26756,4
26757,4
26758,4
26759,1
26760,4
26761,1
26762,1
26763,4
26764,4
26765,1
26766,4
26767,1
26768,1
26769,4
26771,4
26772,4
26773,4
26774,4
26775,1
26776,1
26777,1
26778,1
26779,1
26781,4
26782,4
26783,4
26784,1
26785,1
26786,4
26787,4
26789,1
26790,4
26791,1
26793,1
26795,4
26798,1
26799,4
26801,1
26803,4
26804,4
26805,4
26806,4
26807,4
26808,4
26809,4
26812,4
26813,4
26814,4
26816,4
26817,4
26818,4
26819,4
26820,4
26823,1
26824,4
26830,1
26831,1
26832,1
26834,4
26835,0
26836,4
26837,4
26839,1
26841,4
26842,4
26843,4
26844,4
26845,4
26846,4
26847,1
26848,4
26849,4
26850,4
26851,4
26852,1
26854,1
26856,4
26857,1
26858,1
26859,1
26860,1
26861,1
26862,4
26863,4
26865,4
26867,1
26868,1
26869,4
26870,4
26871,4
26873,4
26874,4
26889,1
26890,1
26894,1
26895,1
26896,4
26897,4
26899,4
26900,4
26903,1
26904,4
26905,1
26906,1
26907,4
26908,1
26909,4
26911,4
26912,4
26913,4
26914,4
26916,4
26919,4
26920,4
26921,4
26924,1
26925,1
26935,1
26936,1
26938,1
26941,1
26948,1
26958,1
26960,1
26961,4
26962,4
26963,1
26964,4
26966,4
26967,4
26971,4
26973,4
26974,4
26976,4
26982,4
26986,4
26989,1
26991,1
26993,4
26994,4
26995,1
26996,4
26997,4
26998,4
26999,4
27000,4
27001,4
27002,4
27003,4
27004,4
27005,4
27006,4
27008,4
27011,4
27012,4
27013,4
27014,4
27017,4
27018,1
27019,4
27020,1
27021,4
27022,1
27025,4
27026,1
27028,4
27029,4
27030,4
27031,4
27033,4
27034,4
27035,4
27036,1
27038,4
27039,4
27040,1
27041,4
27042,1
27044,1
27045,4
27049,1
27050,4
27051,4
27053,1
27054,4
27055,4
27056,1
27057,1
27058,4
27059,4
27060,2
27061,1
27063,1
27065,4
27066,4
27072,4
27074,1
27075,4
27078,4
27080,4
27081,4
27082,4
27084,4
27086,1
27087,1
27089,4
27090,1
27091,4
27092,4
27093,1
27095,4
27096,4
27097,4
27098,1
27099,4
27100,4
27101,4
27102,4
27104,4
27105,4
27106,1
27108,4
27111,1
27112,1
27113,1
27114,4
27117,4
27119,4
27121,1
27122,1
27125,1
27126,1
27127,1
27128,1
27129,4
27130,4
27131,4
27135,4
27136,1
27137,1
27138,4
27139,4
27140,4
27141,4
27142,1
27144,1
27145,4
27146,1
27147,4
27150,4
27151,1
27155,4
27156,1
27157,1
27158,4
27161,4
27163,4
27165,4
27168,4
27169,4
27173,4
27174,1
27175,4
27177,1
27179,1
27184,1
27185,4
27186,4
27187,1
27188,4
27191,1
27192,1
27194,1
27195,4
27196,4
27197,4
27198,4
27200,1
27201,4
27202,4
27203,4
27207,4
27208,4
27209,4
27210,1
27211,4
27212,2
27213,1
27214,4
27215,4
27217,4
27223,1
27228,1
27231,4
27233,1
27236,1
27237,4
27238,1
27240,4
27241,4
27242,1
27244,1
27247,4
27254,4
27256,1
27261,1
27264,1
27265,1
27266,1
27267,1
27268,1
27269,1
27273,1
27276,1
27281,4
27284,2
27286,4
27287,1
27288,1
27289,1
27302,4
27310,1
27331,1
27333,1
27334,4
27337,1
27347,1
27348,1
27349,1
27350,1
27352,1
27354,1
27355,1
27356,1
27357,4
27358,4
27360,1
27362,1
27363,4
27364,1
27366,1
27367,4
27368,1
27369,4
27371,1
27373,1
27374,1
27377,1
27378,1
27379,1
27380,4
27383,4
27384,1
27387,4
27388,4
27390,4
27391,4
27395,1
27397,2
27404,4
27409,1
27410,4
27411,1
27414,1
27419,4
27428,1
27438,1
27450,1
27456,1
27462,1
27465,1
27471,1
27474,1
27476,1
27479,1
27493,4
27497,4
27498,1
27499,4
27501,4
27505,4
27508,4
27509,4
27515,4
27516,1
27517,2
27521,4
27524,4
27525,4
27526,1
27527,4
27528,4
27529,4
27530,1
27531,4
27532,1
27533,1
27534,4
27537,4
27538,1
27540,1
27541,4
27543,4
27546,1
27548,1
27552,1
27559,1
27560,1
27561,1
27562,4
27564,1
27565,4
27567,4
27568,4
27570,1
27571,1
27572,1
27574,1
27575,1
27576,1
27578,4
27579,4
27580,1
27586,1
27590,1
27592,1
27593,1
27595,1
27599,4
27600,4
27604,1
27605,4
27609,4
27612,1
27614,0
27616,1
27617,1
27618,1
27620,1
27621,1
27624,4
27625,1
27628,4
27629,4
27630,4
27637,4
27642,1
27644,4
27645,4
27646,1
27648,1
27649,1
27650,1
27651,4
27652,1
27653,1
27654,1
27655,1
27656,1
27657,4
27666,4
27667,4
27678,4
27688,4
27689,1
27695,4
27696,4
27709,1
27711,4
27714,1
27719,1
27722,1
27727,4
27729,1
27730,4
27732,1
27733,4
27738,0
27751,4
27753,4
27754,1
27761,1
27763,1
27767,4
27769,4
27774,1
27781,4
27783,2
27784,1
27785,1
27786,1
27787,1
27788,1
27789,1
27793,1
27799,1
27803,1
27812,1
27813,1
27814,1
27815,1
27817,1
27820,1
27821,1
27828,1
27830,1
27834,1
27835,1
27839,1
27842,1
27843,1
27844,1
27849,1
27851,1
27852,1
27853,1
27856,1
27858,0
27861,1
27865,1
27866,1
27867,1
27868,1
27870,1
27872,1
27883,1
27889,1
27892,1
27894,1
27895,1
27898,1
27900,1
27904,1
27906,1
27907,1
27913,1
27919,1
27923,1
27924,1
27925,1
27928,1
27929,1
27930,1
27933,1
27940,1
27942,1
27944,1
27945,5
27947,1
27948,1
27954,1
27956,1
27957,1
27960,1
27961,1
27964,1
27967,1
27968,1
27969,1
27970,1
27971,1
27990,1
27991,1
27992,1
27995,1
27996,1
27998,1
28000,1
28001,1
28005,1
28007,1
28008,1
28011,1
28012,1
28013,1
28015,1
28016,1
28019,1
28022,1
28024,1
28026,1
28028,1
28029,1
28030,1
28058,1
28060,1
28061,1
28062,1
28063,1
28067,1
28070,1
28071,1
28074,1
28075,1
28076,1
28080,1
28082,1
28083,1
28092,1
28095,1
28097,1
28100,1
28103,1
28104,1
28107,1
28109,1
28112,1
28116,1
28119,1
28120,1
28122,1
28125,1
28126,1
28128,1
28130,1
28131,1
28132,1
28134,1
28137,1
28140,1
28142,1
28146,1
28149,1
28151,1
28152,1
28156,1
28158,1
28164,1
28166,1
28167,1
28170,1
28173,1
28184,1
28185,1
28188,1
28189,1
28190,1
28191,1
28192,1
28194,1
28196,1
28199,1
28201,1
28204,1
28206,1
28207,1
28208,1
28209,1
28210,1
28212,1
28213,1
28214,1
28215,1
28216,1
28217,1
28218,1
28219,1
28220,1
28223,1
28229,1
28231,1
28233,1
28234,1
28235,1
28237,1
28238,1
28239,1
28240,1
28241,1
28242,1
28243,1
28244,1
28245,1
28247,1
28249,1
28250,1
28251,1
28252,1
28254,1
28258,1
28260,1
28265,1
28268,1
28270,1
28271,1
28272,1
28276,1
28278,1
28281,1
28284,1
28285,1
28289,1
28290,1
28292,2
28294,1
28296,1
28297,1
28299,1
28300,1
28303,1
28309,1
28310,1
28312,1
28314,1
28318,1
28320,1
28323,1
28324,1
28325,1
28327,1
28329,1
28330,1
28332,1
28333,1
28334,1
28335,1
28336,1
28342,1
28343,1
28344,1
28346,1
28347,1
28349,1
28350,1
28351,1
28352,1
28356,1
28359,1
28364,1
28367,1
28370,1
28372,1
28374,1
28394,1
28399,1
28401,1
28402,1
28404,1
28405,1
28406,1
28407,1
28408,1
28410,1
28415,1
28417,1
28420,1
28421,1
28423,1
28427,1
28428,1
28429,1
28432,1
28434,1
28435,1
28437,1
28438,1
28439,1
28443,1
28444,1
28445,1
28448,1
28449,1
28450,1
28452,1
28453,1
28454,1
28458,1
28462,1
28463,1
28464,1
28466,1
28469,1
28475,1
28476,1
28477,1
28478,1
28481,0
28482,1
28483,1
28485,1
28487,1
28488,1
28489,1
28492,1
28493,1
28497,1
28499,1
28500,1
28501,1
28502,1
28503,1
28504,1
28505,1
28508,1
28513,1
28514,1
28518,1
28519,1
28520,1
28521,1
28522,1
28525,1
28527,1
28528,1
28532,1
28536,1
28537,1
28542,1
28543,1
28544,1
28545,1
28546,1
28547,6
28552,1
28554,1
28558,1
28560,1
28561,1
28562,1
28563,1
28564,1
28567,1
28570,1
28572,1
28574,1
28575,1
28578,1
28582,1
28588,1
28590,1
28591,1
28592,1
28594,1
28595,1
28597,1
28599,1
28606,1
28608,1
28610,1
28611,1
28613,1
28614,1
28615,1
28616,1
28619,1
28621,1
28623,1
28624,1
28626,1
28627,6
28628,1
28629,1
28631,1
28632,1
28636,1
28641,1
28643,1
28644,1
28648,1
28649,1
28650,1
28654,1
28655,1
28657,1
28658,1
28659,1
28665,1
28666,1
28667,1
28670,1
28673,1
28675,1
28678,1
28680,1
28682,1
28684,1
28685,1
28688,1
28689,1
28690,1
28691,1
28692,1
28702,1
28703,1
28704,1
28706,1
28708,1
28711,1
28712,1
28714,1
28715,1
28716,1
28718,1
28721,1
28722,1
28725,1
28726,1
28727,1
28728,1
28730,2
28731,1
28739,1
28741,1
28744,1
28745,1
28746,1
28766,2
28767,1
28768,1
28769,1
28771,1
28774,1
28775,1
28778,1
28779,1
28780,1
28781,2
28785,1
28786,1
28787,1
28791,1
28793,1
28794,1
28805,1
28806,1
28808,1
28815,1
28816,1
28819,1
28824,1
28829,1
28836,1
28837,1
28839,1
28840,1
28841,1
28843,1
28848,1
28850,1
28851,1
28852,1
28853,1
28854,1
28855,1
28856,1
28857,1
28859,1
28862,1
28863,1
28868,1
28870,1
28873,1
28874,1
28875,1
28876,1
28877,1
28878,1
28880,1
28882,1
28883,1
28884,1
28892,0
28898,2
28900,1
28910,1
28911,1
28916,1
28917,1
28918,1
28921,1
28922,1
28926,1
28927,1
28929,1
28934,1
28935,1
28936,1
28937,1
28938,1
28939,1
28940,1
28944,1
28951,1
28952,1
28953,1
28955,1
28958,1
28962,1
28963,1
28964,1
28967,1
28971,1
28972,1
28974,1
28976,1
28977,1
28978,1
28990,1
28994,1
28997,1
28998,1
29001,1
29003,1
29006,1
29008,1
29009,1
29011,1
29012,1
29015,1
29017,1
29018,1
29019,1
29020,1
29021,1
29022,1
29023,1
29025,1
29027,1
29031,1
29032,1
29035,1
29036,1
29037,1
29038,1
29039,1
29043,1
29045,1
29046,1
29047,1
29050,1
29052,1
29056,1
29059,1
29060,1
29062,1
29063,1
29065,1
29066,1
29067,1
29068,1
29069,1
29072,1
29073,1
29077,1
29078,1
29080,1
29081,1
29082,1
29083,1
29089,1
29090,1
29091,1
29092,1
29093,1
29094,1
29097,1
29100,2
29102,1
29103,1
29106,1
29107,1
29113,1
29120,1
29124,1
29131,1
29132,1
29137,1
29141,1
29152,1
29157,1
29162,1
29165,1
29166,1
29168,1
29177,1
29182,1
29183,1
29184,1
29189,1
29195,1
29196,1
29197,1
29204,1
29205,1
29210,1
29216,1
29218,1
29222,1
29224,1
29225,1
29226,1
29229,1
29231,1
29232,1
29233,1
29236,1
29237,1
29238,1
29239,1
29241,1
29244,1
29245,1
29247,1
29249,1
29251,1
29253,1
29255,1
29256,1
29257,1
29259,1
29260,1
29261,1
29262,1
29263,1
29266,1
29285,1
29288,1
29289,1
29291,1
29292,1
29293,1
29299,1
29304,1
29305,1
29334,1
29349,1
29350,1
29352,1
29355,1
29368,1
29372,1
29377,1
29381,1
29382,1
29391,1
29393,1
29399,1
29401,1
29405,1
29407,1
29410,1
29415,1
29418,1
29419,1
29420,1
29422,1
29426,1
29428,1
29429,1
29430,1
29432,1
29433,1
29435,1
29436,1
29437,1
29439,1
29440,1
29441,1
29442,1
29443,1
29444,1
29447,1
29449,1
29452,1
29455,1
29456,1
29461,1
29463,1
29464,1
29466,1
29469,1
29471,1
29476,1
29477,1
29479,1
29480,1
29487,1
29499,1
29500,1
29501,2
29502,1
29503,1
29504,1
29507,1
29513,1
29517,1
29521,1
29525,1
29533,1
29534,1
29535,2
29537,1
29539,1
29542,1
29549,1
29550,1
29553,1
29560,1
29561,1
29566,1
29570,1
29571,1
29577,1
29578,1
29581,1
29582,1
29583,1
29584,1
29591,1
29596,1
29598,1
29600,1
29601,1
29605,1
29608,1
29610,1
29611,1
29615,1
29620,1
29622,1
29623,1
29624,1
29633,1
29634,1
29639,1
29643,1
29645,1
29647,1
29649,1
29651,1
29652,1
29653,1
29658,1
29659,1
29660,1
29661,1
29662,1
29664,1
29665,1
29666,1
29667,1
29671,1
29672,1
29674,1
29685,1
29686,1
29688,1
29689,1
29692,1
29694,1
29695,1
29697,1
29698,1
29700,1
29701,1
29702,1
29706,1
29710,1
29712,1
29717,1
29723,1
29725,1
29726,1
29727,1
29728,1
29732,1
29733,1
29734,1
29737,1
29738,1
29742,1
29749,1
29752,1
29758,1
29759,1
29760,1
29766,1
29767,1
29768,1
29769,1
29770,1
29771,1
29773,1
29774,1
29775,1
29776,1
29778,1
29780,5
29789,1
29791,1
29793,1
29796,1
29814,1
29815,1
29816,1
29818,1
29821,1
29825,1
29826,1
29829,1
29831,1
29833,1
29834,1
29840,1
29850,1
29852,1
29853,1
29854,1
29855,1
29858,1
29860,1
29863,1
29865,1
29867,1
29868,1
29869,1
29871,1
29876,1
29881,1
29884,1
29888,1
29890,1
29895,1
29896,1
29897,1
29901,1
29902,1
29903,1
29905,1
29908,1
29912,1
29913,1
29914,1
29915,1
29921,1
29927,1
29930,1
29933,1
29934,1
29935,1
29936,1
29947,1
29949,1
29950,1
29954,1
29958,1
29961,1
29962,1
29963,1
29973,1
29974,1
29976,1
29979,1
29983,1
29989,1
29990,1
29991,1
29993,1
29994,1
30003,1
30006,1
30008,1
30011,1
30012,1
30014,1
30015,1
30016,1
30017,1
30024,1
30030,1
30041,1
30045,1
30046,1
30047,1
30048,1
30051,1
30052,1
30053,1
30054,1
30057,2
30064,1
30075,1
30076,1
30079,1
30080,1
30081,1
30085,1
30087,1
30089,1
30091,1
30096,1
30101,1
30105,1
30106,1
30107,1
30111,1
30112,1
30113,1
30115,1
30119,1
30123,1
